correct_word,map_word
Chương trình bằng kép,"chuong trinh bang kep, ctr bằng kép, chtr bang kep, ctr bang kep, ctr bằng kep, chương trình bằng kep, chuong trinh bằng kép"
Ngôn Ngữ Hàn,"nn Hàn, ngon ngu Han, nn Han, ngôn ngữ Han, ngon ngu Hàn, ngôn ngữ hàn"
Ngôn ngữ Nhật,"nn Nhật, ngon ngu Nhat, nn Nhat, ngôn ngữ Nhat, ngon ngu Nhật, ngôn ngữ nhật"
Ngôn ngữ Anh,"nn Anh, ngôn ngữ anh, ngon ngu Anh, ngon ngữ Anh, ngôn ngu Anh"
Luật kinh doanh,"luật kd, luat kinh doanh, ngành lkd, luật kinh doanh"
chương trình đại học do Đại học Quốc gia Hà Nội cấp bằng,"ctr dhqg cấp bằng, ctr đhqg cap bang"
Kinh Doanh Quốc Tế,"kdqt, kd qte, kinh doanh quoc te, kinh doanh quốc tế, ib"
Tin học và kỹ thuật máy tính,"thktmt, tin hoc ktmt, tin hoc ki thuat may tinh, tin học và kĩ thuật máy tính, ice, tin học và kỹ thuật máy tính"
Hệ thống thông tin quản lý,"htttql, HTTTQL, he thong thong tin quan ly, he thong tt quan ly, hệ thống tt quản lý, mis, hệ thống thông tin quản lý"
Kế toán Phân tích và Kiểm Toán,"ctr AC, ktptkt, ctr kế kiểm, ctr ke kiem, chuong trinh ke kiem, KTPT&KT, ktpt&kt, Ktpt&Kt, ac, kế toán phân tích kiểm toán, kế toán phân tích, kế kiểm, kế toán, phân tích và kiểm toán, kế toán, kế toán phân tích và kiểm toán"
Dữ liệu và phân tích kinh doanh,"dba, du lieu va phan tich kinh doanh, phan tich du lieu kd, phân tích dữ liệu kinh doanh, phân tích dữ liệu kinh doanh, dữ liệu và phân tích kinh doanh, dữ liệu & phân tích kinh doanh"
Chương trình liên kết,"ctr lk, ctlk, chuong trinh lien ket"
Kế toán và tài chính,"ke toan tai chinh, ke toan va tai chinh, kt va tc, kttc, kế toán và tài chính"
Quản trị khách sạn thể thao du lịch,"host, quan tri ks the thao du lich, quan tri ksttdl, quản trị khách sạn thể thao du lịch"
Khoa học quản lý,"khql, khoa hoc quan ly, khoa học quản lý"
chương trình kế toán,"ctr ke toan, chuong trinh ke toan"
Marketing,"marketting, marketing"
năm 2019,"năm ngoái, nam ngoái, nam ngoai, năm trước, nam truoc"
năm 2020,"năm nay, nam nay"
năm 2018,"năm kia, nam kia, năm trước nữa"
năm 2021,"năm tới, sang năm, năm sau"
Ngắn Hạn,"ngan han, ngắn hạn"
Dài Hạn,"dai han, dài hạn"
học bổng,"hb, hoc bong, hbong"
học bổng Giỏi,"hb giỏi, hoc bong gioi, hbong giỏi, học bổng giỏi"
học bổng Xuất Sắc,"hb xuất sắc, hoc bong xuất sắc, hbong xuất sắc, học bổng xuất sắc"
Sinh Viên Xuất Sắc,"sinh viên xuất sắc, sv xuất sắc, svxs, sinh viên xs"
học bổng Liên Kết,"học bổng lkqt, Học bổng của trường ĐH đối tác, Học bổng của trường đại học đối tác, học bổng liên kết quốc tế, học bổng các trường đối tác quốc tế"
Dạ,"dạ, dạ thưa"
