{
  "Intent": "Greetings ",
  "Message": "hi",
  "NER": "[]",
  "Respond": "Chào bạn! Mình là iBOT thuộc khoa Quốc tế, mình sinh ra để hỗ trợ bạn về các thông tin: Cơ cấu tổ chức, học phí, điểm chuẩn các ngành, học bổng, nghiên cứu khoa học,... bạn muốn hỏi gì nào?"
}{
  "Intent": "Major_Fee",
  "Message": "cho em hỏi học phí ngành Hệ thống thông tin quản lý ạ",
  "NER": "['ngành Hệ thống thông tin quản lý - Major_Name']",
  "Respond": "Thông tin về học phí ngành Hệ thống thông tin quản lý như sau: Học phí là 7.200$ (tương ứng với 140.000.000 - 160.000.000đ/khóa học), học phí chưa bao gồm học phí học tiếng Anh dự bị. Học phí thu vào đầu mỗi học kì, dựa vào số tín chỉ đăng kí trong học kì đó. Dựa theo tỉ giá hối đoái của ngân hàng ViettinBank vào thời điểm thu."
}{
  "Intent": "Scholar_quota",
  "Message": "Bao nhiêu suất học bổng đã tặng cho sinh viên năm 2019 ạ?",
  "NER": "['năm 2019 - datetime']",
  "Respond": "Tùy mỗi kỳ và số lượng sinh viên đăng ký sẽ thay đổi theo từng loại học bổng. Số lượng học bổng sẽ được công bố khi hội đồng xét duyệt họp ạ!"
}{
  "Intent": "Asking_docs",
  "Message": "cho em xin mẫu đơn đăng ký học lại với ạ?",
  "NER": "['mẫu đơn đăng ký học lại - Docs_Name']",
  "Respond": "Xin lỗi, mình chưa trả lời được câu hỏi của bạn, vui lòng đợi TVV trong giây lát"
}{
  "Intent": "Basic_point",
  "Message": "Điểm chuẩn chương trình liên kết đào tạo do đại học Keuka cấp bằng bao nhiêu ạ?",
  "NER": "['chương trình liên kết đào tạo do đại học Keuka cấp bằng - Major_Mode']",
  "Respond": "Bạn đang quan tâm tới điểm chuẩn của ngành nào vậy ?"
}{
  "Intent": "Basic_point",
  "Message": "em đang là học sinh lớp 12 ạ",
  "NER": "['học sinh lớp 12 - K_years']",
  "Respond": "Bạn muốn biết thông tin điểm chuẩn của ngành nào nhỉ ?"
}{
  "Intent": "Greetings ",
  "Message": "hi",
  "NER": "[]",
  "Respond": "Chào bạn! Mình là iBOT đây ạ, mình được sinh ra để hỗ trợ bạn về các thông tin: Cơ cấu tổ chức, học phí, điểm chuẩn các ngành, học bổng, nghiên cứu khoa học,... bạn cần hỗ trợ gì ạ!"
}{
  "Intent": "Basic_point",
  "Message": "cho em hỏi điểm chuẩn",
  "NER": "[]",
  "Respond": "Bạn muốn hỏi thông tin điểm chuẩn của ngành nào ạ ?"
}{
  "Intent": "Basic_point",
  "Message": "ngành Kinh Doanh Quốc Tế",
  "NER": "['ngành Kinh Doanh Quốc Tế - Major_Name']",
  "Respond": "Bạn muốn biết thông tin điểm chuẩn của năm nào nhỉ ?"
}{
  "Intent": "Basic_point",
  "Message": "năm 2019 ạ",
  "NER": "['năm 2019 - datetime']",
  "Respond": "Điểm chuẩn ngành Kinh doanh quốc tế năm 2019 là 20,5"
}{
  "Intent": "Basic_point",
  "Message": "thế năm 2018 ạ",
  "NER": "['năm 2018 - datetime']",
  "Respond": "Điểm chuẩn ngành Kinh doanh quốc tế năm 2018 là 18,5"
}{
  "Intent": "Major_Fee",
  "Message": "học phí",
  "NER": "[]",
  "Respond": "Thông tin về học phí ngành Kinh doanh quốc tế như sau: Học phí toàn khóa học là 8.000$ (tương đương với 160.000.000 - 180.000.000đ/khóa học), học phí chưa bao gồm học phí học tiếng Anh dự bị. Học phí thu vào đầu mỗi học kì, dựa vào số tín chỉ đăng kí trong học kì đó. Dựa theo tỉ giá hối đoái của ngân hàng ViettinBank vào thời điểm thu."
}{
  "Intent": "Basic_point",
  "Message": "ngành Kế toán Phân tích và Kiểm Toán ạ",
  "NER": "['ngành Kế toán Phân tích và Kiểm Toán - Major_Name']",
  "Respond": "Điểm chuẩn ngành Kế toán Phân tích và Kiểm toán năm 2018 là 16,75"
}{
  "Intent": "Major_Fee",
  "Message": "ngáo à , em hỏi học phí cơ",
  "NER": "[]",
  "Respond": "Thông tin về học phí ngành Kế toán Phân tích và Kiểm toán như sau: Học phí toàn khóa học là 8.000$ (tương đương với 160.000.000 - 180.000.000đ/khóa học), học phí chưa bao gồm học phí học tiếng Anh dự bị. Học phí thu vào đầu mỗi học kì, dựa vào số tín chỉ đăng kí trong học kì đó. Dựa theo tỉ giá hối đoái của ngân hàng ViettinBank vào thời điểm thu."
}{
  "Intent": "Greetings ",
  "Message": "hi",
  "NER": "[]",
  "Respond": "Hi bạn! Mình là iBOT thuộc khoa Quốc tế, mình có sứ mệnh hỗ trợ bạn về các thông tin: Cơ cấu tổ chức, học phí, điểm chuẩn các ngành, học bổng, nghiên cứu khoa học,... bạn cần mình giúp gì nào :)"
}{
  "Intent": "Major_Fee",
  "Message": "cho mình hỏi học phí",
  "NER": "[]",
  "Respond": "Bạn muốn hỏi thông tin học phí của ngành nào ạ ?"
}{
  "Intent": "Greetings ",
  "Message": "hi",
  "NER": "[]",
  "Respond": "Chào bạn! Mình là iBOT đây ạ, mình được sinh ra để hỗ trợ bạn về các thông tin: Cơ cấu tổ chức, học phí, điểm chuẩn các ngành, học bổng, nghiên cứu khoa học,... bạn cần hỗ trợ gì ạ!"
}{
  "Intent": "Greetings ",
  "Message": "hi",
  "NER": "[]",
  "Respond": "Chào bạn! Mình là iBOT đây ạ, mình được sinh ra để hỗ trợ bạn về các thông tin: Cơ cấu tổ chức, học phí, điểm chuẩn các ngành, học bổng, nghiên cứu khoa học,... bạn cần hỗ trợ gì ạ!"
}{
  "Intent": "Major_Fee",
  "Message": "năm 2020 học phí bao nhiêu rồi",
  "NER": "['năm 2020 - datetime']",
  "Respond": "Bạn muốn hỏi học phí của ngành nào ?"
}{
  "Intent": "Major_Fee",
  "Message": "cho em điểm chuẩn",
  "NER": "[]",
  "Respond": "Bạn muốn hỏi học phí của ngành nào ?"
}{
  "Intent": "Major_Fee",
  "Message": "IT",
  "NER": "[]",
  "Respond": "Bạn muốn hỏi thông tin học phí của ngành nào ạ ?"
}{
  "Intent": "Major_Fee",
  "Message": "IT",
  "NER": "[]",
  "Respond": "Bạn muốn biết thông tin học phí của ngành nào nhỉ ?"
}{
  "Intent": "Major_Description",
  "Message": "ngành công nghệ thông tin",
  "NER": "['ngành công nghệ thông tin - Major_Name']",
  "Respond": "Ngành công nghệ thông tin chưa cập nhật hoặc không nằm trong khung đào tạo của trường ạ!"
}{
  "Intent": "Basic_point",
  "Message": "cho em hỏi điểm chuẩn",
  "NER": "[]",
  "Respond": "Bạn muốn hỏi thông tin điểm chuẩn của ngành nào ạ ?"
}{
  "Intent": "Scholar_Type",
  "Message": "trường mình có những học bổng gì",
  "NER": "['trường mình - Uni_Name']",
  "Respond": "Hiện tại khoa đang áp dụng chính sách cho 4 loại học bổng: học bổng ngắn hạn, học bổng dài hạn, học bổng liên kết, học bổng dành cho SV có thành tích cao trong nghiên cứu khoa học, Học bổng dành cho SV có thành tích đặc biệt xuất sắc. Bạn quan tâm đến loại nào không ạ? "
}{
  "Intent": "Basic_point",
  "Message": "ngành Kinh doanh quốc tế năm 2019",
  "NER": "['ngành Kinh doanh quốc tế - Major_Name', 'năm 2019 - datetime']",
  "Respond": "Điểm chuẩn ngành Kinh doanh quốc tế năm 2019 là 20,5"
}{
  "Intent": "Major_Fee",
  "Message": "tôi quan tâm đế học phí ",
  "NER": "[]",
  "Respond": "Rất tiếc ngành bạn hỏi không thuộc phạm vi trường đào tạo, bạn muốn hỏi ngành nào khác không ?"
}{
  "Intent": "Agree",
  "Message": "ko",
  "NER": "[]",
  "Respond": "Oh, cảm ơn bạn cùng quan điểm!"
}{
  "Intent": "Major_Fee",
  "Message": "tôi quan tâm đến học phí",
  "NER": "[]",
  "Respond": "Bạn muốn biết thông tin học phí của ngành nào nhỉ ?"
}{
  "Intent": "Major_Fee",
  "Message": "ngành điện tử viễn thông",
  "NER": "['ngành điện tử viễn thông - Major_Name']",
  "Respond": "Rất tiếc ngành bạn hỏi không thuộc phạm vi trường đào tạo, bạn muốn hỏi ngành nào khác không ?"
}{
  "Intent": "Major_Fee",
  "Message": "có",
  "NER": "[]",
  "Respond": "Ngành điện tử viễn thông chưa cập nhật hoặc không nằm trong khung đào tạo của trường ạ!"
}{
  "Intent": "School_Location",
  "Message": "thế ngành nào thuộc khung của trường",
  "NER": "['trường - Uni_Name']",
  "Respond": "Khoa hiện tại có trụ sở chính tại Nhà C, Làng SV Hacinco, số 79 Ngụy Như Kon Tum, Thanh Xuân, Hà Nội. Và một trụ sở nữa tại nhà G7,G8 số 144 Xuân Thủy, Cầu Giấy, Hà Nội nhé."
}{
  "Intent": "Scholar_quota",
  "Message": "năm 2020 bao nhiêu",
  "NER": "['năm 2020 - datetime']",
  "Respond": "Tùy mỗi kỳ và số lượng sinh viên đăng ký sẽ thay đổi theo từng loại học bổng. Số lượng học bổng sẽ được công bố khi hội đồng xét duyệt họp ạ!"
}{
  "Intent": "Denydisagree",
  "Message": "kịch bản hơi chán",
  "NER": "[]",
  "Respond": "Xin lỗi. Câu này ngoài chuyên môn của mình?"
}{
  "Intent": "Basic_point",
  "Message": "điểm chuẩn vào trường ",
  "NER": "['trường - Uni_Name']",
  "Respond": "Bạn muốn hỏi điểm chuẩn của ngành nào ?"
}{
  "Intent": "Basic_point",
  "Message": "em hỏi điểm chuẩn cơ",
  "NER": "[]",
  "Respond": "Điểm chuẩn ngành Kinh doanh quốc tế năm 2020 là 23,25"
}{
  "Intent": "Basic_point",
  "Message": "công nghệ thông tin",
  "NER": "[]",
  "Respond": "Bạn muốn biết thông tin điểm chuẩn của ngành nào nhỉ ?"
}{
  "Intent": "Basic_point",
  "Message": "it",
  "NER": "[]",
  "Respond": "Bạn muốn biết thông tin điểm chuẩn của ngành nào nhỉ ?"
}{
  "Intent": "Other",
  "Message": "bot ăn cơm chưa ?",
  "NER": "[]",
  "Respond": "Tôi không hiểu ý bạn lắm. Bạn có thể nhắc lại ý định của bạn được không?"
}{
  "Intent": "contact_point",
  "Message": "1",
  "NER": "[]",
  "Respond": "Xin lỗi mình chưa hiểu bạn muốn liên hệ về vấn đề gì ạ"
}{
  "Intent": "contact_point",
  "Message": "2",
  "NER": "['2  - number']",
  "Respond": "Xin lỗi mình chưa hiểu bạn muốn liên hệ về vấn đề gì ạ"
}{
  "Intent": "contact_point",
  "Message": "23",
  "NER": "[]",
  "Respond": "Xin lỗi mình chưa hiểu bạn muốn liên hệ về vấn đề gì ạ"
}{
  "Intent": "Greetings ",
  "Message": "4",
  "NER": "[]",
  "Respond": "Hi bạn! Mình là iBOT thuộc khoa Quốc tế, mình có sứ mệnh hỗ trợ bạn về các thông tin: Cơ cấu tổ chức, học phí, điểm chuẩn các ngành, học bổng, nghiên cứu khoa học,... bạn cần mình giúp gì nào :)"
}{
  "Intent": "Agree",
  "Message": "5",
  "NER": "[]",
  "Respond": "Vâng, cảm ơn bạn"
}{
  "Intent": "Greetings ",
  "Message": "123456789",
  "NER": "[]",
  "Respond": "Chào bạn! Mình là iBOT đây ạ, mình được sinh ra để hỗ trợ bạn về các thông tin: Cơ cấu tổ chức, học phí, điểm chuẩn các ngành, học bổng, nghiên cứu khoa học,... bạn cần hỗ trợ gì ạ!"
}{
  "Intent": "Foreign_teacher_rate",
  "Message": "ngành Kinh doanh quốc tế đóng bao nhiêu mỗi kỳ",
  "NER": "['ngành Kinh doanh quốc tế - Major_Name']",
  "Respond": "Xin lỗi. Câu hỏi này ngoài tầm hiểu biết của mình. Bạn liên lạc trực tiếp các thầy cô trong Khoa nhé!"
}{
  "Intent": "Basic_point",
  "Message": "ngành này đóng bao nhiêu mỗi kỳ",
  "NER": "['ngành này - Major_Name']",
  "Respond": "Bạn đang quan tâm tới điểm chuẩn của năm nào vậy ?"
}{
  "Intent": "contact_point",
  "Message": "cho em hỏi số điện thoại thầy Định ạ",
  "NER": "['thầy Định - Teacher_Name']",
  "Respond": "Số điện thoại của thầy Định là 0918060073/0918269999 và email là nguyenvd.200214@msedu.edu.vn"
}{
  "Intent": "contact_point",
  "Message": "cho em xin số cô Đoàn Thu Trang ạ",
  "NER": "['cô Đoàn Thu Trang - Teacher_Name']",
  "Respond": "Số điện thoại của cô Đoàn Thu Trang là 0964404620 và email là Chưa cập nhật"
}{
  "Intent": "research_direction",
  "Message": "cô ấy làm nghiên cứu về cái gì",
  "NER": "[]",
  "Respond": "(\"Thông tin nghiên cứu của cô Đoàn Thu Trang là: Thông tin giảng viên: TS. Đoàn Thu Trang\\r\\nEmail: trangdt@isvnu.vn; \\r\\nSĐT: 0964404620 - Bộ môn: KHXHKT&QL - Hướng nghiên cứu: 1. Factors influencing students' intention to start their own business \\r\\n2. Startups and strategy of startups in Vietnam \\r\\n3. Analyses on FDIs and M&As in Vietnam - Chuyên ngành: Quản trị chiến lược - Công trình khoa học đã công bố: 1. Acquisition Completion or Abandonment: The Effect of Revealed Comparative Advantage in the M&A Pre-integration Process.\\r\\n2. Lessons from the flipside: How do acquirers learn from divestitures to complete acquisitions?\\r\\n3. Cross-Border M&As in Related and Technology-Intensive Industries: Evidence on the Dynamics of Spatial Distance, Industry Context, and Completion Likelihood of International Takeovers.\\r\\n4. Learning from divestitures to complete acquisitions: A study using secondary data and logistic regression models to explore the determinants of mergers and acquisitions completion likelihood.\", 1)"
}{
  "Intent": "Greetings ",
  "Message": "hi",
  "NER": "[]",
  "Respond": "Hi bạn! Mình là iBOT thuộc khoa Quốc tế, mình có sứ mệnh hỗ trợ bạn về các thông tin: Cơ cấu tổ chức, học phí, điểm chuẩn các ngành, học bổng, nghiên cứu khoa học,... bạn cần mình giúp gì nào :)"
}{
  "Intent": "Major_Fee",
  "Message": "cho em hỏi học phí ngành Hệ thống thông tin quản lý",
  "NER": "['ngành Hệ thống thông tin quản lý - Major_Name']",
  "Respond": "Thông tin về học phí ngành Hệ thống thông tin quản lý như sau: Học phí là 7.200$ (tương ứng với 140.000.000 - 160.000.000đ/khóa học), học phí chưa bao gồm học phí học tiếng Anh dự bị. Học phí thu vào đầu mỗi học kì, dựa vào số tín chỉ đăng kí trong học kì đó. Dựa theo tỉ giá hối đoái của ngân hàng ViettinBank vào thời điểm thu."
}